"Sample (Male/Female/Unknown)","Genotype (forward strand)","Population(s)","Father","Mother"
"NA19648 (F)","G|G","ALL, AMR, MXL","-","-"
"NA19649 (M)","A|A","ALL, AMR, MXL","-","-"
"NA19651 (F)","G|G","ALL, AMR, MXL","-","-"
"NA19652 (M)","A|A","ALL, AMR, MXL","-","-"
"NA19654 (F)","A|A","ALL, AMR, MXL","-","-"
"NA19655 (M)","G|A","ALL, AMR, MXL","-","-"
"NA19657 (F)","G|A","ALL, AMR, MXL","-","-"
"NA19658 (M)","G|G","ALL, AMR, MXL","-","-"
"NA19661 (M)","G|A","ALL, AMR, MXL","-","-"
"NA19663 (F)","G|G","ALL, AMR, MXL","-","-"
"NA19664 (M)","A|G","ALL, AMR, MXL","-","-"
"NA19669 (F)","G|G","ALL, AMR, MXL","-","-"
"NA19670 (M)","G|G","ALL, AMR, MXL","-","-"
"NA19676 (M)","A|A","ALL, AMR, MXL","-","-"
"NA19678 (F)","G|G","ALL, AMR, MXL","-","-"
"NA19679 (M)","G|A","ALL, AMR, MXL","-","-"
"NA19681 (F)","G|A","ALL, AMR, MXL","-","-"
"NA19682 (M)","G|A","ALL, AMR, MXL","-","-"
"NA19684 (F)","G|A","ALL, AMR, MXL","-","-"
"NA19716 (F)","A|G","ALL, AMR, MXL","-","-"
"NA19717 (M)","G|A","ALL, AMR, MXL","-","-"
"NA19719 (F)","A|A","ALL, AMR, MXL","-","-"
"NA19720 (M)","A|A","ALL, AMR, MXL","-","-"
"NA19722 (F)","A|G","ALL, AMR, MXL","-","-"
"NA19723 (M)","A|A","ALL, AMR, MXL","-","-"
"NA19725 (F)","G|A","ALL, AMR, MXL","-","-"
"NA19726 (M)","G|G","ALL, AMR, MXL","-","-"
"NA19728 (F)","G|G","ALL, AMR, MXL","-","-"
"NA19729 (M)","G|A","ALL, AMR, MXL","-","-"
"NA19731 (F)","G|G","ALL, AMR, MXL","-","-"
"NA19732 (M)","G|A","ALL, AMR, MXL","-","-"
"NA19734 (F)","G|G","ALL, AMR, MXL","-","-"
"NA19735 (M)","A|A","ALL, AMR, MXL","-","-"
"NA19740 (F)","G|G","ALL, AMR, MXL","-","-"
"NA19741 (M)","G|G","ALL, AMR, MXL","-","-"
"NA19746 (F)","G|G","ALL, AMR, MXL","-","-"
"NA19747 (M)","A|G","ALL, AMR, MXL","-","-"
"NA19749 (F)","G|G","ALL, AMR, MXL","-","-"
"NA19750 (M)","G|A","ALL, AMR, MXL","-","-"
"NA19752 (F)","G|G","ALL, AMR, MXL","-","-"
"NA19755 (F)","G|G","ALL, AMR, MXL","-","-"
"NA19756 (M)","A|G","ALL, AMR, MXL","-","-"
"NA19758 (F)","G|A","ALL, AMR, MXL","-","-"
"NA19759 (M)","A|G","ALL, AMR, MXL","-","-"
"NA19761 (F)","G|G","ALL, AMR, MXL","-","-"
"NA19762 (M)","G|G","ALL, AMR, MXL","-","-"
"NA19764 (F)","G|G","ALL, AMR, MXL","-","-"
"NA19770 (F)","G|A","ALL, AMR, MXL","-","-"
"NA19771 (M)","G|G","ALL, AMR, MXL","-","-"
"NA19773 (F)","G|G","ALL, AMR, MXL","-","-"
"NA19774 (M)","G|A","ALL, AMR, MXL","-","-"
"NA19776 (F)","G|A","ALL, AMR, MXL","-","-"
"NA19777 (M)","G|G","ALL, AMR, MXL","-","-"
"NA19779 (F)","A|G","ALL, AMR, MXL","-","-"
"NA19780 (M)","G|G","ALL, AMR, MXL","-","-"
"NA19782 (F)","A|G","ALL, AMR, MXL","-","-"
"NA19783 (M)","G|A","ALL, AMR, MXL","-","-"
"NA19785 (F)","G|G","ALL, AMR, MXL","-","-"
"NA19786 (M)","G|G","ALL, AMR, MXL","-","-"
"NA19788 (F)","G|A","ALL, AMR, MXL","-","-"
"NA19789 (M)","A|A","ALL, AMR, MXL","-","-"
"NA19792 (M)","G|G","ALL, AMR, MXL","-","-"
"NA19794 (F)","A|G","ALL, AMR, MXL","-","-"
"NA19795 (M)","G|A","ALL, AMR, MXL","-","-"
